STATE,CA,COND,K,MG,Sodium,ANC,CL,CO3,COLOR,DOC,HCO3,NH4,NO3,NTL,PTL,SIO2,SO4,TSS,TURB,AG_TOT,ASPCTDEG,ELEVMEAN,FOR_TOT,KM_SEA,POPDENKM,PRECIP_M,RD_DEN,RNG_TOT,SLOPMEAN,WSAREA,W1_HALL,LAT_DD,LON_DD
WA,196.4,58.48,22.7,362.1,48,572.4,20.9,3.140006342,0,0.96,543.1399646,0.4,2.1,55,1,8.79,30.4,0.2,0.102,0,38,1568,71.71,98,0.016,2.441,0,18.52,27.19,63.6483,0,47.63122,120.96894
WA,161.9,28.82,8.1,26.4,75.1,192.3,20.3,0.159630733,5,0.9,182.4306238,0.2,5,95,2,7.26,53.1,0.1,0.113,0,310,1263.5,80.64,60,0.205,3.031,0,11,25.51,14.6645,0.803054545,47.44774,121.51269
WA,982.5,123.2,9.9,206.2,100,1171.9,9.9,8.379737391,0,0.51,1178.179992,0.4,7.1,118,0,9.76,89.3,5.6,0.146,0.37,155,1630.4,66.96,150,0.146,1.112,3.88,24.11,26.31,1135.042,1.484922727,48.50849,120.28161
WA,643.2,70.07,2.2,25,38.8,553.6,9.3,3.056643342,0,0.57,528.7203195,0.3,2.9,46,0,2.87,118.7,0.3,0.09,0,174,1488.1,51.13,26,0,3.608,0,36.53,23.36,2.2885,0,47.65133,123.35231
WA,1396.7,200.7,40,427.5,295.4,1816.4,39.2,19.88117927,0,1.69,1804.776286,0.6,2.1,109,25,19.99,259.8,0.3,0.376,1.04,109,1161,73.4,258,1.351,0.445,12.37,16.84,13.63,1664.4121,2.060609091,48.39025,118.74508
WA,576.3,73.96,5.2,50.8,60.5,493.8,20.3,2.067000725,0,0.22,482.30511,0.4,0,24,3,4.08,189.9,1.5,2.56,0,267,974.7,80.99,31,0.058,4.321,0.33,4.68,27.49,325.0005,0.553045455,47.81989,124.01959
WA,278,59.5,5.7,135.8,166.4,453.2,48.8,0.122068885,5,0.36,461.9406817,0.6,25.7,383.75,3.34875,17.42,22.7,0.84,0.073,0.05,228,227.9,94.32,24,1.42,3.084,11.16,0.05,7.86,3.5156,0,47.27658,123.45342
WA,198.2,40.72,43.1,79.6,62,273.8,7.9,0.642109989,5,0.62,206.8191079,0.4,2.9,66.25,1.09625,9.98,100.8,1.44,0.111,0,55,1526.3,72.98,95,0.032,1.848,0.01,18.08,26.63,61.704,0.33335,47.77337,120.92748
WA,288.9,50.79,5.5,86,132.1,417.1,32.2,1.617149548,0,0.79,395.122188,0.6,0,42.5,2.47875,15.07,32.1,1.92,0.257,0.11,308,850.3,81.05,58,1.728,2.227,16.06,0.81,18.73,188.6136,0.33335,46.72199,122.15535
WA,322.3,61.37,37.2,120.8,137.4,483.1,67.4,0.782801816,0,0.85,469.4972569,0.4,1.4,33,8.283,9.75,58.1,10.24,0.217,0,117,1226.2,84.21,99,0.012,2.303,5.19,7.81,23.71,254.3942,NA,47.83211,120.85786
WA,883.2,231,4.4,1688.9,64,2463.1,13.3,29.13759895,10,0.83,2584.847916,0.4,1.4,38.125,1.19875,19.66,81.8,1.3,0.172,0,60,1345.2,70.7,124,0,0.858,19.45,28.97,21.36,0.5219,0,47.41879,120.67906
WA,455.8,121.2,18.1,274.4,438,765.6,172.6,2.091255034,25,3.8,721.7523952,0.9,78.5,1241.875,7.47,7.5,150.7,1.08,0.256,0,280,375.5,97.29,2,9.897,1.743,0.69,0.06,14.49,4.8517,0.181827273,48.6306,122.4367
WA,145,35.34,19.2,83.7,111.7,317.6,18.5,0.88853292,15,0.88,299.677928,0.3,3.4,66,9.043,26.51,9.7,1.56,0.306,0.04,280,1165.1,76.56,52,0,2.065,10.6,2.07,21.67,10.9793,1.5,46.89647,121.98878
WA,62.7,12.4,4.3,13.4,31.7,87.8,8.7,0.095137154,8,0.92,78.76465795,0.3,2.1,34.375,2.72,4.65,17.9,0.2,0.113,0,296,1230.3,72.3,62,0.144,2.649,0,17.65,27.55,6.9289,0.33335,47.62097,121.49538
WA,502,70.4,11.4,116.1,99.4,656,5.6,4.399742883,5,0.82,633.007028,0.4,0,64,8.19,16.79,33.5,0.64,0.12,0,78,1558,71.87,138,0,0.988,1.65,26.67,23.82,21.3261,0.507581818,47.93462,120.30551
WA,74.2,13.71,13.1,17.8,17.8,88.2,4.5,0.085869313,10,0.34,85.47108619,0.4,2.1,39,2.16,4.38,29.1,0.24,2.46,0,97,1619.8,54.23,88,0.012,3.622,0,23.66,28.98,80.4817,0,48.02028,120.97756
WA,903.7,183.9,13.2,1069.4,94.8,1867.5,33,38.59088315,5,0.75,1838.509811,0.6,0,46,3.413,15.71,73.5,1.64,0.124,0,324,1194.3,68.66,125,0.045,0.873,18.05,28.39,24.95,155.3356,1.075768182,47.46304,120.65988
WA,849.3,176.2,10.2,983.9,87.8,1816.2,32.7,34.54433844,8,0.67,1804.505102,0.6,1.4,41,3.881,15.68,65.2,0.5,0.142,0,324,1201.6,68.36,125,0,0.876,17.82,28.68,24.91,151.5035,1.977272727,47.45026,120.65278
WA,1685.1,313,27.7,1399.3,397,3326.3,19.7,72.7661629,0,1.72,3310.630477,0.4,0,50,3.968,15.93,121,20,0.12,0,15,976.4,74.44,135,0.578,0.77,15.61,24.63,23.88,34.6052,0.75,47.43262,120.53316
WA,151.6,22.93,10.7,31.8,29.1,179.2,6.2,0.228776748,0,0.39,164.9654956,0.4,3.6,46.875,1.3525,7.54,41.4,1.8,2.19,0,166,1619.3,65.71,99,0.021,1.461,0.94,19.94,28.26,145.2825,0.393959091,48.02649,120.828
WA,151.1,27.4,28.5,40.8,48.9,158.1,10.2,0.319010208,10,0.52,141.8357844,0.4,4.3,55,1.43,7.35,78.5,1.6,0.109,0,79,1426,69.47,91,0,2.877,0,22.4,30.99,48.5155,0.33335,47.94051,120.93223
WA,79.1,24.06,47.4,49.1,55,153.4,7.1,0.226818423,5,0.82,152.6369086,0.4,1.4,46.875,3.8025,11.92,55,2.16,0.102,0,89,1485.5,87.91,108,0,1.511,0,9.19,26.37,2.8274,0,47.69859,120.77602
WA,213.7,37.95,18,81.9,69.9,264.5,21.5,0.547483805,5,0.37,254.889832,0.2,4,35,0.754,6.23,78.7,1.16,0.197,0,293,1307.1,77.37,61,0,3.458,1.7,11.47,28.54,200.3467,0.477286364,48.09318,121.33997
WA,1318.4,255.9,30.5,1053,440.6,2726.1,22,39.32777149,13,1.49,2835.832479,0.4,0,86.875,20.99625,21.05,79.1,2.68,0.266,0,331,1182.1,89.17,141,0,0.718,6.18,10.51,21.68,24.655,0.924259091,47.3599,120.45611
WA,217.7,56.39,11,97.2,192.2,259.3,103.2,0.340015733,5,1.03,250.8882068,0.6,2.9,99.375,9.07625,7.26,139.9,5.28,0.47,0,142,313.2,73.94,16,0,3.121,0,0.23,21.49,8.8551,0.484872727,47.69004,124.17229
WA,246.4,76.42,21,157.8,331.2,551.1,144.1,0.422519669,20,3.86,494.1151451,2.9,5,210,37.13875,10.79,47.5,3.68,7.04,0,206,152.5,76.38,18,0,2.125,11.02,0.18,15.27,5.9826,0.742454545,46.91606,123.58942
WA,286.9,46.01,5.7,56.1,99.9,334.2,16.4,1.229773292,0,0.51,321.9632416,0.5,2.9,46,2.926,12.14,88.9,2.52,0.113,0,190,1168.9,94.22,117,0,2.491,0.43,3.16,25.85,33.7566,0,46.20903,121.79269
WA,114.1,35.63,4.5,252.9,9.2,350.2,5.4,1.552725868,5,0.32,330.4273768,0.3,0,27.5,0.4425,4.21,23.7,2.36,0.113,0,26,1799.8,54.67,96,0,2.616,0,15.38,28.19,0.6964,0,47.54551,121.04039
WA,265,36.97,5.1,31.9,69.1,313.8,18.5,1.006001863,0,0.27,288.7885828,0.3,1.7,24,0.976,7.56,27.8,0.36,0.184,0,118,1422.9,76.45,85,0,2.113,1.6,15.14,24.94,126.6447,0.33335,46.77709,121.55199
OR,200.7,34.94,5.1,55.7,109.3,337.9,20,1.236,5,0.85,295.094,0.4,2.1,55,3,9.54,13.5,0.1,0.093,0,121,1076,96.66,134,0,2.447,0,2.96,29.81,0.852,0,44.86339,122.27982
WA,77.3,19.38,8.9,30,77.1,167.4,8.2,0.292735566,10,1.41,160.1241083,0.5,0,40,4.5725,13.28,7.5,1.16,0.173,0,80,1344.6,81,101,0,1.421,0,5.51,12.9,1.0289,1.5,47.76982,120.84474
WA,181.6,26.32,17.9,30.4,25.6,200.6,5,0.435032281,15,0.39,197.9259413,0.4,6.4,87.5,0.50875,6.3,43.4,0.04,0.112,0,68,1641,49.84,96,0,1.562,0,34.56,35.83,1.479,0,48.03268,120.86401
WA,300.4,41.45,14.3,50.5,42.1,367.8,9,1.702523864,5,0.59,354.058025,0.4,1.6,21,0.973,5.46,35.7,0.8,0.107,0,32,1583.4,69.98,90,0.047,2.746,0,15.41,26.86,21.1333,0,47.64945,121.06659
WA,2331.3,510.3,138,1616.5,1363.2,4656.9,229,45.34086126,5,1.58,4211.831611,0.7,360.4,5541,33.425,44.35,422,0.24,0.4,98.24,280,333.8,0.01,329,1.143,0.47,9.09,0.87,3.7,27.9905,1.5084,46.12959,118.40646
WA,1121.3,224.8,81.5,688.7,524.6,2105.4,76.2,32.35055318,5,1.55,2079.040482,0.8,117.5,2003.75,86.1,39,170.7,10.2,0.489,76.71,79,759,14.58,339,2.992,0.415,11.61,6.35,3.35,96.5938,0.575786364,47.73425,117.66951
WA,2353.8,303.1,41.1,874.5,157.8,3266.9,13.9,41.1677589,5,1.46,3180.815359,0.3,3.1,72.5,15.825,18.11,77.9,1.88,0.188,0,307,1314.4,98.34,338,1.538,1.233,22.41,0,13.66,1.9503,1.727359091,48.76751,117.75771
WA,197,49.33,24.5,247.9,42.8,453.7,13.5,2.206429035,5,0.75,438.1988145,0.4,1.8,44.375,0.9375,8.05,44.2,1.28,0.131,0,106,1501.4,75.57,103,0.023,2.263,0.35,15.41,26.14,214.5843,0.6667,47.61033,120.89884
WA,515.5,67.57,13.8,104.6,47.4,593,5,3.230161587,5,0.37,546.0161427,0.2,2.5,18,1.714,9.03,70.5,0.48,0.106,0,235,1904.9,58.46,99,0,1.126,0,24.22,29.17,3.8718,0.712145455,48.09626,120.82736
WA,115.6,28.19,20.8,51.9,71.6,195.3,14.2,0.430552665,5,1.02,187.0714517,0.4,3.6,80,3.77125,9.54,45.2,0.28,0.127,0,110,1320.4,91.98,80,0,2.646,0,5.79,20.41,8.8953,0,47.86274,121.10128
WA,584.8,118.2,30.5,356.4,277.9,1003.9,73.6,33.72363844,10,1.38,946.0534174,0.9,18.6,396.25,31.82625,14.49,106.4,3.24,1.84,9.74,142,1010.6,45.18,195,15.842,0.951,12.91,36.56,13.67,9728.1756,1.9016,46.3601,120.20952
WA,126.6,26,17.5,80.9,34.1,209.4,9,0.747725748,5,0.85,195.759826,0.5,3.6,75,5.1025,6.51,32.3,4.04,0.676,0.94,149,1252.9,72.3,137,2.468,1.499,6.94,16.78,24.31,3081.5767,3.787990909,47.52283,120.47733
OR,1904.8,453.9,104.5,1255.5,1575.7,4358.7,276.1,6.665,10,4.87,3817.754,5.6,17.1,1096,227,47.77,200.9,7.7,2.05,1.68,307,989.8,0.32,311,0.25,0.443,6.59,97.99,10.53,79.9168,1.83335,45.36827,119.44512
OR,1946.1,326.7,66.7,1000.1,574.1,3388.2,33,55.314,5,2.33,3317.513,0.4,0,133,153,52.8,90.2,5.7,0.557,0,59,1910.1,92.12,300,0,0.689,16.85,7.95,16.41,2.5705,2.1667,42.56842,120.53169
OR,505.4,127.6,22.7,348.6,414.1,1051.1,137.1,2.57,10,2.47,1041.991,1.1,5.7,275,25,18.43,55.6,6.9,4.88,50.44,190,168,46.59,65,21.52,1.31,18.27,1.87,8.3,11.7149,2.16675,45.33711,123.05414
OR,227.7,48.85,28.6,131.8,115.6,453.5,13.8,0.537,10,1.79,405.588,1.5,4.3,314,7,27.16,10.6,0.2,0.322,0,344,1615.3,94.33,490,0,0.929,26.28,5.74,11.14,4.2784,1.075768182,45.11462,116.85546
OR,333.7,61.57,13,119.6,149.8,504.7,49.4,14.137,15,1.69,465.956,1,7.1,221,22,12.08,31,0.6,1.78,5.34,309,635.5,84.77,81,12.781,1.509,16.47,6.69,16.87,1490.5186,2.037918182,43.94272,122.98016
OR,272.7,76.58,28,199.7,262.9,604,103.8,31.82,5,1.32,501.979,0.6,0,188,27,21.28,38.9,0.3,0.645,5.25,290,704.8,84.47,15,8.298,1.287,13.3,7.56,17.44,10455.3247,4.280431818,43.656,123.72822
OR,362.5,86.47,37.8,244.1,227.5,765.8,62.3,13.002,5,1.32,744.693,0.9,10.7,331,80,28.06,32.5,5,1.57,6.98,258,932.6,80.41,32,19.924,1.058,14.74,9.67,15.45,10097.4333,0.704563636,42.65605,124.00408
OR,110,28.33,17.8,64.3,92.2,302.3,3.9,0.926,5,0.64,278.311,0.4,0,55,5,12.91,3.5,0.1,0.161,0.03,55,2034.1,67.56,192,0,1.359,5.21,14.08,11.08,21.6021,0.378804545,44.1384,121.59992
OR,504.6,97.96,39.5,305.2,196.9,988.6,11,5.463,10,0.67,966.989,0.4,3.6,66,19,40.02,7.7,3.2,0.35,0,113,2047.3,80.5,296,0.172,0.837,16.58,11.2,9.97,5.8044,1.511133333,42.2377,120.57559
OR,2324.3,354.1,44.3,989.1,716.8,4206.7,63.7,57.742,10,2.91,3543.862,1.2,0,259,58,27.26,34.1,5.3,3.2,0,271,1250.2,80.11,311,0.08,0.516,18.59,19.47,11.2,62.6297,5.894036364,45.09665,119.60892
OR,497.6,85.2,39.7,271.7,169.9,819.2,11,5.323,10,1.59,801.989,0.6,3.6,115,16,35.63,9,0.5,1,0,193,1375.1,86.69,347,0.057,0.648,29.15,13.37,4.94,17.4059,0.3788,45.02468,119.1499
OR,1565,283.6,43.9,1044.7,345.8,3265,3.9,52.767,5,2.22,3092.714,0.5,3.6,140,72,43.92,24.6,2,0.409,0,15,1583,88.94,395,0,0.567,0,10.79,12.48,2.2524,0.863654545,44.65353,118.72859
OR,3425.2,377.7,16.4,568.9,190.4,4205.3,4.5,51.209,0,0.95,3608.482,0.3,0,45,3,20.56,217.4,0.3,0.134,0,286,1658.9,88.63,379,0.089,0.565,10.5,11.31,16.74,11.1958,0.431836364,44.30712,119.17495
OR,239.9,44.79,19.8,98.6,129.6,394.8,19.5,1.287,10,0.78,378.095,0.5,0,66,7,20.17,15.6,0.1,0.145,0,154,1259.3,86.99,162,0,1.43,6.89,7.64,17.81,10.2187,0.939440909,45.24921,121.65964
OR,1217.4,267.8,59.2,1252.5,278.9,2716.8,3.9,48.378,5,2.19,2469.589,0.6,1.4,95,29,30.63,275,3.7,0.776,0,250,1429.4,92.81,387,0,0.554,21.85,7.25,12.6,16.289,1.962331349,44.71049,118.80126
OR,343,121.3,48.1,421.6,474.1,1156.6,61.5,35.736,5,0.61,1025.865,0.7,6.4,213,63,29.47,40,3.7,0.543,4.5,25,1279.7,45.95,209,4.244,0.519,12.79,46.39,6.47,24853.9498,4.310659091,45.05361,121.11735
OR,367.9,79.7,28.1,255.3,154.2,743.6,11,28.309,10,1.73,645.513,0.6,0,108,9,20.84,44.8,1.6,0.831,0.54,295,1426.7,68.8,339,0.173,0.603,15.04,29.22,11.59,5181.6923,1.340959091,44.9201,119.3332
OR,4608,594.3,39.2,1139.1,667.3,4937.5,8.2,68.041,10,1.64,4080.834,0.7,0,134,11,22.39,2047.9,0.1,0.94,0,106,1507.3,33.44,355,0.048,0.497,12.26,66.03,11.65,41.283,2.159122727,44.09685,119.51709
OR,273.5,63.18,46.4,188.4,129.8,637.2,11.6,3.012,15,3.83,545.51,1.6,1.4,459,73,27.17,16.4,7.2,3.04,2.85,14,1915.3,78.8,411,0.3,0.892,2.6,12.89,19.66,49.9762,2.396857143,44.39835,118.67973
OR,853.7,144.1,17.7,472.9,145.1,1581.3,3.9,12.102,5,1.86,1415.312,0.4,0,68,9,23.26,28.5,0.6,0.171,0,126,1842.5,94.3,407,0,0.856,33.21,5.42,12.85,0.8972,1.954554545,44.67177,118.54373
OR,160.7,46.08,19.5,125.8,140.1,347.3,62.3,1.14,15,1.97,298.515,0.5,35.7,645,18,11.89,15.2,1,3.14,66.23,312,302.4,29.23,92,7.506,1.547,11.43,2.99,7.2,60.7544,2.530386364,44.96688,122.79566
OR,208.6,57.76,32.1,171.3,200.6,590.9,21.4,11.67,5,0.91,518.851,0.8,2.9,184,53,17.03,6.9,2.7,1.08,0.01,65,1544.7,82.25,198,0.592,1.162,15.22,6.12,5.67,1465.129,4.939472727,43.84517,121.46504
OR,150.8,43.66,18.6,83.1,152.8,300.7,107.7,0.999339599,5,1.05,286.8760756,1.1,3.6,120,11,13.94,18.1,1.6,2.49,2.36,293,286.2,92.17,31,1.402,1.326,19.44,3.95,16.68,635.5669,0.424263636,43.98701,123.63981
OR,1265.7,213.6,39.4,545.5,364.5,2212.8,19.2,64.057,15,2.47,2210.799,0.6,0,156,14,22.58,24.6,3.2,0.6,0,18,1399.3,80.14,334,0.355,0.812,21.34,18.55,12.05,30.9653,3.704604545,45.2455,119.20877
OR,938.8,203.2,68,757.1,410.4,1818.5,21.2,14.291,10,1.81,1832.534,1,4.3,219,75,39.42,251.7,7.3,1.42,0.56,295,1253.6,19.06,466,0.379,0.803,7.49,80.4,8.83,23.7355,1.545463636,44.89855,117.42313
OR,297.6,85.85,27.2,183,324.6,578.8,196.6,0.382,15,2.93,489.439,3.2,13.6,346,32,17.71,26,0.8,3.3,0,300,118.1,90.93,5,1.618,2.008,14.79,4.18,24.3,6.1822,0.931840909,43.64969,124.09439
OR,857.3,158.7,22,651.7,254.2,1621.3,12.1,12.328,0,1.59,1617.661,0.6,0,133,12,36.32,6,0.1,0.208,0.02,163,1119.7,31.79,339,0,0.456,10.08,68.22,11.18,29.6871,1.378804545,44.9714,119.29882
OR,1703.9,362.6,34.1,1049,1143.8,3848.7,84.9,173.154,10,1.42,3284.084,0.5,0,134,19,24.67,464.9,6.4,1.58,1.63,35,1221.9,46.63,295,0.647,0.469,10.2,51.53,13.3,363.1677,1.704572727,44.62217,120.20966
OR,686.3,107.9,33.1,169.4,184.3,1088,7.3,5.822,10,1.81,1006.972,0.4,0,76,22,22.24,75.6,0.2,0.521,0,259,1652.2,94.42,380,0,0.788,0,5.58,19.79,7.2031,0,45.05124,118.66491
OR,809.4,152.9,47.2,558.9,292,1775.9,27.1,21.04,20,4.19,1588.641,0.6,0,190,39,46.07,6,0.2,3.12,0,19,1405.7,73.56,301,0,0.493,16.43,26.45,4.32,12.5901,1.66675,44.99865,119.80257
OR,229.4,55.06,28.1,128.4,154.1,537.6,10.2,0.968077475,10,1.15,494.1870375,0.4,0.7,23,66,31.62,2.7,0,0.205,0,221,1764.2,98.06,151,0.024,1.736,1.23,0.7,9.78,41.36,0.33335,43.64373,122.03084
OR,365,76.52,12.8,128.1,214.2,453.4,107.7,2.116488173,10,0.99,430.1273718,0.9,0,89,17,15.45,155.9,1,0.14,0,231,1260.5,97.61,120,0,1.415,2.93,1.02,22.8,60.9614,0.075,43.33054,122.50774
OR,190,54.84,49.3,92.5,234.4,519.4,12.1,2.504511005,5,1.25,508.9840566,0.9,2.1,153,42,35.6,19.4,4.9,1.83,0.06,169,2054.5,1.77,368,0.03,0.517,5.84,91.62,8.53,33.2479,0.33335,42.3827,119.72094
OR,895.5,212.1,38.8,558.6,720.6,2353.4,42,44.642,10,2.3,1852.367,0.7,2.1,250,18,29.11,30.8,3.4,1.07,16.89,270,1461.5,46.14,356,0.177,0.442,10.22,36.87,6.88,322.0301,0,44.61828,119.29951
OR,114.1,24.23,9.6,62.1,56.8,229.7,1.1,0.379010471,10,0.72,222.1429029,0.2,0,62,9,11.92,6.2,3,0.441,0,201,2502.9,7.84,447,0.076,1.218,0.41,61.68,26.76,13.1005,0.6667,42.59043,118.59834
OR,125.1,26.34,10.9,64.7,60.4,250.5,0.8,0.437385169,10,0.82,244.8190943,0.2,0,51,8,13.52,6,3.1,0.327,0,170,2541.3,6.68,447,0,1.167,0,59.64,26.95,5.1748,0.6667,42.60206,118.59338
OR,323.1,89.31,34.2,355.5,199.5,939.9,13,3.664590143,10,1.21,874.9971602,0.5,0,104,56,35.25,7.7,2.4,1.16,0.66,21,1558.7,88.61,220,0.026,0.608,19.75,5.88,4.55,349.8366,0.272736364,42.83172,121.45684
OR,207,55.02,44,134.5,159.4,485.7,7.1,1.531774632,10,0.51,439.7198864,0.3,0.7,26,61,41.23,72.7,4.8,1.42,0,150,1843.7,88.35,181,0.152,1.475,8.1,8.4,10.29,72.4084,0.712154545,42.76615,122.05922
OR,232.8,99.01,67.6,127.1,570.6,771.3,106.6,5.17195135,15,2.26,761.4399614,0.4,0,218,58,39.83,86,6.7,3.79,0.08,5,2001.6,1.07,366,0.032,0.498,5.18,98.67,10.69,31.5374,0.272740909,42.53102,119.68224
OR,371.8,80.49,28.2,234.7,231.7,826.8,12.1,2.037010749,20,2.62,453.9150215,0.8,1.4,334,52,36.57,19.4,22.9,12.8,0.08,251,2109.8,10.77,360,0,0.531,0,89.02,17.87,15.2441,0.424245455,42.47762,119.78429
OR,315.8,88.01,69,192.2,293.4,761.8,56.7,2.97743772,10,1.49,744.4300922,0.6,18.6,399,69,39.8,58.5,8.2,4.77,0.02,22,2014.4,6,486,0.045,0.515,3.27,93.83,12.48,44.4041,1.151563636,42.19177,118.21222
OR,154.8,48.02,17.3,90,191.1,313.1,104.1,3.831920135,15,1.88,310.0256904,1.1,2.9,153,8,9.89,31.9,1.6,0.521,0,273,288.5,97.61,17,0.141,1.381,16.35,1.77,22.15,517.595,1.431868182,43.80605,123.7997
OR,160.4,54.6,18.4,93.7,191.3,325,103.8,5.936799455,20,1.92,317.3464271,1.2,2.1,133,10,10.23,30.6,0,0.597,0,273,293.1,98.06,19,0.123,1.348,16.38,1.42,22.32,457.0822,1.189436364,43.80315,123.7635
OR,257.8,46.31,36.1,84.5,92.6,392.6,9,1.764,10,1.52,342.306,0.5,7.1,155,7,15.01,64.5,1.8,0.291,0,4,2055.1,84,411,0.039,0.89,9.49,14.23,18.88,25.3933,0,44.90831,118.31331
OR,162.6,49.6,18.4,92.7,197.2,326.3,106.6,2.351127297,10,2.09,338.2652447,1.4,2.1,159,8,9.11,31.6,1.2,0.547,0,271,287.3,97.6,15,0.143,1.387,16.28,1.78,22.15,523.7795,1.803090909,43.7875,123.81667
OR,143.5,48.84,16.2,93,191.3,292.3,92.5,1.486324088,10,1.69,281.8997889,1.1,6.4,238,5,10,37.3,0,0.785,0,271,283.5,97.59,13,0.158,1.404,16.12,1.78,22.17,544.6014,1.8334,43.78817,123.85257
OR,172.1,49.97,16.1,94.5,198.6,333.6,97,0.535347334,15,1.67,328.5616557,1.4,4.3,211,6,8.38,35.6,1.9,0.654,0,271,279.7,97.48,12,0.162,1.437,16.18,1.93,22.24,573.1072,1.280359091,43.78583,123.88657
OR,159.4,49.06,15.9,91.2,182.1,303.5,94.8,0.617232702,10,2.02,280.8213754,1.1,17.1,355,8,11.19,38.5,0.3,0.806,0,270,279.2,97.47,11,0.165,1.438,16.16,1.94,22.23,574.7119,1.416725,43.78136,123.8994
OR,132.6,45.72,12.9,82.3,186.8,276.8,97,0.266942031,10,1.62,253.7454096,1.5,12.1,324,6,9.14,38.9,2.2,0.583,0.09,270,277.3,96.96,9,0.228,1.66,14.46,2.1,22.33,851.6477,2.174322727,43.77611,123.96639
ID,95.2,22.67,14.4,38.7,60.1,178.4,3.1,0.478258799,0,2.48,180.9856758,0.5,3.6,104,3,11.09,22.3,0,0.162,0,99,1446.6,90,503,0.03,1.317,2.52,9.81,21.08,66.5886,0,46.97061,115.67634
OR,400.5,118.1,77.6,437.9,243.6,1291.2,22.3,44.831,5,1.48,1070.43,1.1,0,174,26,35.56,15.4,2.7,1.84,0.64,309,1562.8,90.18,407,0.032,0.67,23.6,7.39,11.04,411.6721,2.174254545,44.62214,118.57732
OR,2836.4,368.5,27.1,798.3,291.1,4140.3,9.3,54.091,10,1.61,3557.209,0.8,2.1,135,4,20.98,281.9,0.1,0.234,0,351,1644.9,95.67,366,0,0.528,7.79,4.34,12.63,38.6722,0.477281818,44.20009,119.3513
OR,209.9,44.02,22.6,120.3,86,437.1,11,1.617,5,1.49,368.638,0.9,0,124,5,20.71,9,0.1,0.151,0,306,1884.3,84.81,381,0,0.74,14.17,15.05,10.36,3.4869,2.2778625,44.84933,118.78612
OR,NA,NA,NA,NA,NA,NA,NA,NA,NA,NA,NA,NA,NA,NA,NA,NA,NA,NA,NA,NA,NA,NA,NA,NA,NA,NA,NA,NA,NA,NA,5.3230625,NA,NA
ID,2158.5,318.4,10.3,1044,52.9,2478.1,20,50.55819119,10,1.5,2464.749359,0.5,10.7,186,3,4.33,879.2,7.7,0.39,0,12,2790.8,23.27,755,0,0.789,2.34,52.74,22.22,145.7734,1.365415385,44.27217,113.65676
OR,NA,NA,NA,NA,NA,NA,NA,NA,NA,NA,NA,NA,NA,NA,NA,NA,NA,NA,NA,NA,NA,NA,NA,NA,NA,NA,NA,NA,NA,NA,4.095292857,NA,NA
WA,485.8,101.6,56.8,301.2,161.9,959.1,16.6,9.048434053,5,0.86,943.0933008,0,7.1,155,46,39.43,27.5,1.8,0.301,0.03,77,1387.9,54.98,403,0.009,0.714,6.19,34.86,24.03,113.9332,0,46.25916,117.2983
WA,385.8,77.98,18.6,247.1,150.3,735.1,25.9,3.829177978,10,0.36,709.7195802,0.1,0.7,24,30,23.23,46.8,1.3,6.65,0,140,1464.9,91.09,112,0.08,1.538,2.71,6.2,14.01,50.2387,0.33335,46.64714,121.25314
WA,277.7,55.99,4.6,138,81.2,423.3,38.1,1.061429941,20,3.22,420.6031962,0.7,2.1,184,4,7.92,13.7,2,1.11,0.01,229,230.9,92.42,9,25.043,1.683,15.77,0.23,7.21,28.83,0.265154545,47.51495,122.88112
WA,350.8,68.23,13.1,186.8,141.1,592.2,36.1,1.986266241,20,3.75,557.2097354,0.4,9.3,267,13,15.68,47.1,1.9,0.64,0,236,252.2,80.23,33,2.361,1.687,10.81,0.73,8.29,41.5108,0.181827273,47.60549,121.88473
WA,702.5,94.02,3.1,106.2,83.1,758.7,36.4,4.505686005,0,0.45,727.3478467,0.2,2.9,43,10,6.21,129.3,0.2,0.146,0,82,1151.1,84.59,11,0.035,2.469,0,10.57,30.86,143.09,0,47.68431,123.06967
WA,130.6,23.44,9.2,25.7,65.7,187.6,11.8,0.159325234,5,0.62,173.8864735,0.4,2.1,52,1,9.98,15.2,0.2,0.23,0,194,1776.6,45.76,112,0,2.233,0,28.73,22.7,10.5509,0,46.48341,121.49365
WA,293.9,50.31,8.3,120.4,95.1,441.7,16.9,1.43901684,10,0.89,422.7144662,0.1,0.7,49,2,10.57,42.9,0,0.15,0,161,1588.8,94.27,106,0.104,1.698,0.7,3.29,12.99,19.1385,0,46.69194,121.30191
WA,758.2,209.7,94.5,759.7,481.7,2056,44.6,15.9477755,5,1.77,2044.943662,0.1,1.4,73,89,54.45,75,0,0.502,3.67,108,923.4,8.57,143,0.174,0.677,9.07,87.69,8.92,97.6958,1.090959091,46.87763,120.57266
WA,238.5,35.92,3,42.4,40.9,293.5,16.9,0.877417376,5,1.05,282.609961,0.1,3.6,83,1,4.69,23.7,0.5,0.092,0,127,1367.3,69.6,78,0,3.328,0,23.86,28.67,10.6544,0,47.40512,121.28533
WA,325.3,40.32,2.9,57.3,28,327.2,11,0.486434128,10,1.12,291.7462424,0.1,3.6,67,0,3.66,62,1.3,0.356,0,119,1110.9,79.12,75,0.563,2.189,0,12.55,30.51,62.1408,0.469713636,48.57332,121.42803
WA,648.4,85.49,6.8,114.2,97.9,753.3,8.5,5.187183542,5,0.69,729.3111439,0.3,2.9,38,0,8.55,93.1,0,0.072,0,218,1829.2,64.86,145,0.003,1.123,1.76,26.51,27.65,315.892,0.030304545,48.70086,120.49065
WA,124.5,24.4,8.4,44.3,36.1,182.8,5.4,0.906941236,10,1.01,188.6081185,0.1,3.6,70,0,5.12,20.4,0.5,0.183,0,6,1130,76.77,96,0.677,1.922,0.07,10.55,29.75,7.3939,0,48.71015,121.14456
WA,391.3,82.63,56.5,246,116.4,758.5,12.4,4.590229782,10,1.89,740.995654,0.3,2.1,111,36,34.04,17.3,1.5,0.384,0,232,1379.1,60.11,393,0,0.842,2.62,38.88,27.83,54.9419,0.030304545,46.03659,117.56858
WA,517.6,82.24,5.8,120,115.4,491.8,63.2,0.344310531,5,0.42,473.0766807,0.1,4.3,71,5,7.23,197,0.1,0.135,0,118,570.6,99.9,34,0.134,3.453,0,0.05,28.94,7.4456,0,47.83317,123.99033
WA,367.2,71.66,17,208,162.6,640.2,46.5,1.456793934,40,5.35,590.7168494,0.6,7.9,381,22,16.67,47.7,4,1.34,0,232,253.2,78.29,34,1.11,1.706,11.06,0.59,8.74,35.1323,2.333391667,47.60794,121.86619
WA,213.8,46.55,25.4,158.1,59.2,392.8,16.9,5.342207032,10,0.93,351.3192517,0.4,4.3,118,3,7.84,52.7,0.2,0.606,0.64,154,1270.5,72.81,130,2.109,1.524,6.65,16.36,24.42,2990.1088,2.651595455,47.54385,120.5624
OR,NA,NA,NA,NA,NA,NA,NA,NA,NA,NA,NA,NA,NA,NA,NA,NA,NA,NA,NA,NA,NA,NA,NA,NA,NA,NA,NA,NA,NA,NA,3.773907143,NA,NA
OR,708.1,165.6,50.5,514,501.1,1644.2,29.9,56.82253325,12,2.39,1594.049582,0.9,1.4,243.125,13.22625,21.98,117.2,1.92,0.865,1.91,266,1372.1,60.29,312,0.624,0.529,11.82,36.94,12.66,12541.1123,1.840990909,44.81946,119.7822
OR,304.6,106.9,44.7,371.9,403.6,983.4,49.9,31.61178273,5,0.76,866.6230236,0.4,7.1,190,75.9975,30.55,37.1,4.76,0.74,4.74,28,1332.6,47.03,222,4.887,0.518,13.47,44.72,5.99,21289.9533,1.424277273,44.79317,121.14458
OR,308.6,70.1,10.2,111.3,254.9,405.9,108.6,1.297033845,15,0.72,381.0066389,0.7,15,258.75,17.59625,14.9,128,3.68,0.453,0,351,415.2,90.28,22,0,3.19,17.15,8.98,14.59,8.1113,0,45.20871,123.64986
OR,270.6,50.2,18,137.3,107.4,501.7,14.7,2.026765762,5,0.64,495.2047408,0.4,3.6,66.875,6.09375,18.53,3.5,0.16,0.104,0,359,1366,98.67,148,0,1.827,0,1.52,30.59,2.48,1,43.95093,122.11568
OR,222.7,34.54,31.1,37.5,71.4,337.3,8.8,0.732818365,5,0.82,297.1512619,0.5,0,80,2.893,9.81,10.5,0.6,0.275,0,324,2216.9,44.27,440,0.031,1.567,0,17.2,24.46,31.8343,0,45.2719,117.46555
OR,232.9,50.13,17.1,144.8,125.2,471.2,20.9,0.596282623,20,0.21,460.7160982,0.4,1.4,23.75,8.98375,25.28,5,0.4,0.088,0,158,1319.2,69.54,173,0,1.084,10.29,5.37,6.9,9.2017,1.484881818,45.19196,121.54788
OR,2700.6,466.1,49.1,1493.9,1058.3,4650.3,113.1,21.86496419,5,2.63,4146.961512,0.8,1.4,198.125,39.015,27.86,565.5,0.4,0.489,0,312,1587.7,69.85,369,0.061,0.493,12.68,29.76,11.76,163.3379,2.500036364,44.0151,119.33692
OR,979,177.3,51.1,552.3,367.1,1931.2,14.7,29.96938664,5,1.18,1926.012446,0.6,2.9,108.125,27.42125,39.64,5.6,3.16,0.583,0,111,1420.3,79.19,346,0,0.481,15.38,20.83,8.92,15.6122,1.765168182,44.27744,119.59314
OR,1924.6,404.1,39.4,1442.8,1196.6,4454.2,70.2,96.98036558,5,2.67,4024.065594,0.9,0,181.25,92.44625,39.41,34.8,0.8,0.72,0,177,1152.2,79.78,297,0.171,0.416,11.25,20.17,10.76,58.633,2,44.85744,119.96734
OR,321.4,66.22,28.5,213.5,130.5,586.8,8.7,10.77355123,0,1.7,537.452535,0.4,0,113.75,10.7625,19.2,55.2,3.28,0.729,0.33,278,1493.2,73.11,351,0.159,0.667,15.72,24.73,11.54,2672.6511,1.492481818,44.99359,119.11039
OR,361.1,100.8,46.5,338.8,320.9,1022.4,23.1,39.5624002,20,3.69,841.9065071,0.6,0,270,61.8225,31.78,15.6,5.84,2.69,3.99,283,1615.1,64.78,216,0.427,0.582,13.72,24.88,5.27,3750.7712,1.477336364,42.56563,121.68148
OR,214.2,57.37,22,139.8,196.1,432.1,44.3,5.618041859,0,0.93,414.5397729,2,10,248.75,43.66,18.67,59.1,6.48,1.21,4.07,305,893.8,85.11,75,16.297,1.659,12.22,5.03,15.89,8817.6551,1.386422727,44.14963,123.12275
OR,784.4,174.2,50.6,556,505,1728.2,30.2,79.45596301,15,2.25,1614.759061,1.2,1.4,229.375,12.70125,22.76,105.3,1.88,0.618,1.87,266,1363.8,59.89,307,0.627,0.526,11.77,37.37,12.68,12871.9742,1.537936364,44.81599,119.85593
OR,882.2,201.9,49.9,671.7,574.2,1929.9,37.2,142.2611123,10,2.07,1702.422828,0.6,0,223.75,11.82,24.38,112.8,1.92,0.559,1.79,265,1339.5,58.65,285,0.597,0.517,11.45,38.72,12.81,13805.2513,0.871245455,44.75114,120.24001
OR,1373.2,242.6,55.4,872.8,335.5,2589.1,26.5,30.46014441,10,2.17,2702.173263,0.6,0,291.875,19.77875,35.51,5.8,7.92,0.675,0.01,180,1502.7,69.76,316,0,0.52,11.29,30.21,8.72,11.0384,2.674309091,44.26846,119.97696
OR,233.5,64.86,16.9,138.5,161,388,53.3,2.383186569,8,0.64,359.0370584,0.4,0,43.125,16.14125,19.19,104.7,8.8,4.83,2.63,293,819.1,87.84,101,8.937,2.207,12.03,2.63,15.85,1248.4691,1.727345455,45.51505,122.36105
OR,179.4,35.3,9.6,86.8,93.2,354.7,18.6,0.944790567,5,0.87,326.0744594,1.8,1.4,219.375,9.06,15.99,3.7,0.1,0.301,0,248,1286.7,81.13,147,0,2.243,0,3.97,21.12,0.7023,2.1667,44.54929,122.07407
OR,1942.6,295,102.1,707.1,395.8,2440.4,34.4,40.91320084,10,1.38,2510.988318,0.6,26.4,526.875,39.98875,32.73,629.2,15.4,1.3,0,115,1519.2,32.88,492,0.089,0.39,6.85,67.04,16.24,22.4775,1.83335,44.42964,117.51413
OR,139.8,44.44,19.7,72.8,175,229.7,135.4,0.415813755,10,1.6,222.2696091,0.6,7.9,265,8.12375,15.24,25.8,1.4,0.529,0,184,328.3,98.14,25,0,1.608,11.61,1.52,20.73,40.3739,0.6667,43.85208,123.71965
OR,367.5,96.72,57,200.4,456.3,916.5,13,105.7767148,15,1.79,695.6187969,1,3.6,210.625,15.04,28.06,7.3,3.48,1.46,0.85,252,1347.9,57.74,360,0.3,0.645,19.16,38.42,7.74,1037.5657,1.447009091,45.03431,118.97695
OR,1068.4,206.3,39.3,790.6,326.5,2229.4,20.9,55.30428551,10,1.88,2242.539081,0.9,1.4,136.875,43.72375,43.16,7.7,2.56,0.751,0,288,1508.2,74.55,376,0.062,0.497,20.9,25.39,12.43,16.0707,1.333354545,44.711,118.95006
OR,673.7,126.3,28.8,440.3,189.4,1299.2,13.8,9.767902575,10,1.5,1224.003201,0.4,2.1,115,28.22625,38.9,10.4,5.44,0.196,0,255,1823.1,90.28,360,0,0.548,4.24,9.52,15.33,1.949,1.621227273,44.35097,119.41207
OR,1405.2,300.5,93.2,854.3,901.7,2863.8,137.9,6.638357668,5,3.19,2951.493849,0.8,11.4,500,62.7125,44.23,181.1,4.52,0.707,0.14,319,1208.5,57.63,283,0.115,0.449,13.57,41.6,11.12,218.3102,1.5,45.16741,119.95186
OR,1002,162.9,25.8,672.4,137.8,1690.8,7.3,30.29410563,5,0.84,1695.662321,0.4,0,36.875,9.355,23.44,96,0.2,0.338,0,290,1632.2,76.22,409,0,0.69,19.95,21.65,11.63,33.211,1.833336364,44.77941,118.45238
OR,183.2,39.09,15.5,143.3,74.9,377.6,4.5,1.535078962,5,0.88,358.1887605,0.7,1.4,68.125,4.18,14.29,14.8,1.12,0.152,0,1,2052,85.62,392,0,0.896,0,13.88,14.66,3.3374,1.818272727,44.77885,118.68596
OR,473.5,110.6,54.9,354.4,267,1067.5,18.9,11.76752796,15,2.84,1020.15573,0.6,0,147.5,17.2025,29.87,38.3,5.92,0.761,0,228,1379.4,79.14,324,0.118,0.613,8.98,18.58,11.4,25.456,0,45.05222,119.45154
OR,253.7,52.55,18.8,114,161.5,491.2,14.7,2.735931545,5,1.47,462.4730835,0.9,1.4,127.5,30.78125,24.95,15.4,4.56,1.13,0,309,1804.3,98.06,394,0,0.771,0,1.53,10.61,6.2429,0.303045455,44.95509,118.54965
OR,463.2,78.05,15.8,135.4,170.9,670.3,9.3,4.216500684,10,0.94,665.1711576,0.4,1.4,73.125,17.8,19.05,98.3,0.52,0.19,0,20,1788.8,98.03,390,0,0.735,0,2.3,15.9,0.5876,0,44.96174,118.60722
OR,306.8,70.3,6.6,177.4,216,577.6,111.5,2.509262489,0,0.56,559.148712,0.8,6.7,168.125,9.4875,18.87,31.1,1.6,0.135,0,303,702,91.89,36,0,2.702,18.4,0.2,16.79,5.9565,0.33335,45.30062,123.47625
OR,2745,500,34.1,1705.3,1477.2,4977,101,111.1287137,5,1.67,4506.169482,0.4,1.4,101.875,5.18375,22.24,784.9,0.2,0.355,2.73,32,1271.6,48.45,298,0.224,0.476,11,48.83,14.18,22.3109,2.25,44.56008,120.17442
OR,271.2,70.8,25.6,146.3,232.1,416.5,218,1.18642405,10,1.91,391.0399926,0.9,4.3,208.75,23.28875,14.84,20.8,2.28,2.29,4.6,284,292.7,87.45,40,2.221,1.266,18.42,5.8,14.09,325.6086,0.545454545,43.87526,123.50137
OR,391.1,91.64,30.2,338.4,208.4,829.7,64.3,13.4352898,10,1.33,787.4595839,1.1,9.3,266,57.473,21.94,45.6,1.88,0.613,5.74,255,901.3,82.35,19,16.151,1.298,13.65,9.43,16.72,12936.6367,0.515177273,42.52151,124.16393
OR,830.3,192.6,75.9,803.9,492.4,2165,33.6,56.89316492,10,2.25,2056.086248,0.6,1.9,219,24.866,33.16,7.8,4.2,5.71,0,302,1687.1,72.68,266,0.226,0.59,9.36,21.52,6.28,141.8782,1.136404545,42.32293,120.98587
OR,292.4,91.8,38.7,301.7,324.8,857.5,43.4,10.00808149,10,1.03,791.2834224,0.5,4.3,217.5,101.12375,26.58,33.1,48.96,5.54,5.09,27,1230.4,43.86,206,3.901,0.516,12.14,47.92,6.78,27576.6578,1.098527273,45.41337,120.86524
OR,170.3,25.94,16.3,12.4,55.4,209.9,13.1,0.489376163,0,0.99,189.5064716,2.8,1.7,284,3.399,6.18,23.8,2.36,0.281,0,148,2442.2,2.37,456,0,1.829,6.5,18.37,27.72,1.4403,0,45.15893,117.31785
OR,2426.6,431.8,28.4,2318.2,340,4724.2,43.2,108.3889363,5,1.72,4295.02987,0.9,3.6,190.625,15.88125,32.24,198.4,3.84,0.31,0,288,1471.9,82.63,362,0,0.487,9.95,16.91,10.45,37.6925,1.636390909,44.25839,119.39838
OR,994,201.3,39.4,785.8,416.8,2169.1,20.6,47.94550938,5,1.04,2181.369173,0.6,2.1,78.125,52.525,38.39,14.6,2.52,0.572,0,322,1688.5,79.48,327,0.041,0.691,16.81,19.66,12.39,97.3513,0.226192857,44.44277,119.81356
OR,1678.1,358.5,51,1275.8,929.1,3742.1,62.6,40.64289139,10,2.03,3523.431487,0.9,3.6,220,59.64875,46.89,40.8,7.08,1.2,0,31,1262.4,56.64,306,0.18,0.466,12.56,42.67,13.42,55.5616,1.787895455,44.76812,119.90937
OR,582.8,112.2,79.2,297.7,236.5,1134.9,12.7,18.72242012,10,1.76,1072.366456,0.7,0,84.375,82.37125,41.03,46,0.8,0.668,0,168,1514.7,90.62,380,0,0.704,30.59,9.28,16.08,9.421,0.060609091,44.99637,118.72535
OR,142.9,43.57,41.2,94.4,182.7,400,24,1.131513609,5,1.45,372.9417599,0.9,0,166.25,21.525,33.75,4,4.88,0.412,0,130,1438.8,99.55,172,0,0.951,0,0.37,17.2,1.9365,0,45.30179,121.44914
OR,2752.5,408.8,40.5,853.9,937.8,4532.8,91.7,67.96166855,5,2.32,4076.104103,0.9,2.9,333.125,65.69125,30.96,79.9,11.16,3.92,1.2,290,1123.9,53.7,274,0.241,0.439,11.34,44.76,13.9,78.9586,2.234881818,44.99278,120.19689
OR,832.3,157.5,41.9,587,213.2,1488.8,12.4,28.84907613,12,1.4,1439.173469,0.4,0,75.625,6.94875,25.1,161.4,3.24,0.503,0,342,1635.8,77.19,414,0,0.671,11.21,22.34,9.76,4.4236,1.65155,44.78677,118.37703
OR,567.4,116.3,54.8,369.7,248.8,1202.6,13,10.32186087,10,2.23,1152.760895,1.4,3.6,237,11.406,32.87,7.5,2.08,0.405,0,192,1464.1,72.67,332,0.026,0.74,12.56,15.65,8.21,38.8451,0.606090909,45.05039,119.34993
OR,1394.2,313.2,30.4,1040.6,1110.9,3371.5,138.2,28.18242527,7,1.19,3295.790507,1,30.7,625,53.553,39.15,166.8,6.8,0.368,0.03,279,1361.2,41,333,0.115,0.404,7.77,58.92,14.38,17.3429,1.515227273,44.62332,119.63725
OR,274.2,66.71,52.9,157.8,217.8,655.9,10.4,15.74800521,10,1.47,595.9458286,0.9,0,131.875,17.2225,34.95,22.5,177.3636364,1.03,0,160,1556.9,69.84,339,0,0.879,8.77,18.63,7.67,39.448,0,45.09129,119.21856
OR,NA,NA,NA,NA,NA,NA,NA,NA,NA,NA,NA,NA,NA,NA,NA,NA,NA,NA,NA,NA,NA,NA,NA,NA,NA,NA,NA,NA,NA,NA,0.401531818,NA,NA
OR,NA,NA,NA,NA,NA,NA,NA,NA,NA,NA,NA,NA,NA,NA,NA,NA,NA,NA,NA,NA,NA,NA,NA,NA,NA,NA,NA,NA,NA,NA,0.393959091,NA,NA
ID,503.5,117.4,84.7,206.2,383.3,969.9,124.4,4.158117767,15,1.13,948.1521186,0.6,4.3,207,40,47.95,113.9,6.1,4.21,0,76,1730.1,1.18,640,0.004,0.407,7.08,98.55,6.45,191.72,0.090913636,42.73022,116.10283
ID,105.4,22.4,8.7,14.7,75.9,185.2,5.4,0.184598599,0,1.32,179.5600162,0.5,2.1,566,83,8.84,11.7,0.5,0.27,0.01,322,2205.2,69.28,548,0,1.498,0.54,18.21,22.09,31.0629,0,45.13492,115.98106
ID,274.9,51.06,19,78.3,142,462,11,1.01220104,20,2.68,429.7817934,0.4,5,238,44,17.25,26.6,4.4,1.15,0.03,241,1735.4,85.88,578,0.08,0.855,12.93,12.26,15.2,74.9202,1.631958333,44.3463,116.23931
ID,83.9,19.49,12.6,20,66,150,3.4,0.055317928,10,2.55,144.8262009,0.2,0.7,25,2,11.45,8.7,0.6,0.154,0,187,2568.9,77.81,652,0,0.987,7.78,5.33,12.6,1.6899,0.363636364,45.05314,114.56209
ID,2991.9,366.1,16.8,842.9,291.6,3806.9,181.1,86.56650049,10,1.17,3675.624144,0.4,7.9,181,17,15.97,102.4,4.9,1.42,0,124,1937.2,48.79,923,0.116,0.762,3.83,48.62,14.71,17.2276,0.303031818,42.72383,112.42346
ID,2141.4,280.3,13.4,714.1,68.3,2411.6,33.6,62.6981368,5,1.36,2372.661971,1,5.7,176,23,6.12,457,3.8,0.491,0,88,2678.2,62.75,818,0,0.624,0,23.77,28.1,40.4653,0,44.36224,112.69213
ID,784,130.5,9.7,165.4,358,1195.8,51.1,5.138543528,15,2.83,1171.71307,0.4,2.1,490,120,20.55,55.4,39.6,13.7,0,99,2472.6,41.28,784,0,0.639,0.38,58.19,21.39,1.3083,0.242427273,44.00835,113.45559
ID,205.8,45.86,57.2,63.7,153.3,394.3,35,0.923908909,15,2.54,366.1089865,0.7,6.4,280,33,34.67,19.8,1.9,3.55,0,164,2133.1,21.66,757,0,0.647,10.72,78.15,12.33,41.7707,0.181818182,42.08026,114.26379
ID,999.9,182.9,112.3,364.8,423.9,1649.6,145.8,53.233971,20,2.66,1600.184643,0.5,0,224,23,39.54,115.3,5.1,3.4,0.03,215,1858.7,2.33,735,0.002,0.363,9.71,97.28,6.06,623.8417,0.909136364,42.02202,114.53395
ID,571.4,105.8,7.2,351.2,179.6,934.3,86,5.073712539,15,2.2,962.2924806,0.6,0,208,33,9.98,56.6,8.8,2.47,0,216,2156.1,8.33,758,0,0.589,9.33,91.6,14.33,12.0362,0.643968182,42.07645,114.24879
OR,430,83.63,15.3,182.9,209.2,802.6,39.2,1.642,5,1.4,730.054,0.7,5,120,23,16.7,9.8,3.6,1.81,0,61,636.3,92.57,86,2.682,1.53,12.57,1.77,20.45,10.4439,0.866685,43.69991,122.84892
WA,304.9,50.23,13.4,129.4,123.9,533.5,7.3,1.841,10,0.96,460.236,0.4,0,36,3,19.33,9.4,0.1,0.155,0,151,1108,98.58,108,0,1.053,9.22,0.24,16.65,7.7655,1.439427273,47.91787,120.71826
WA,442,97.44,33.9,389.1,159.9,816.4,38.1,68.353,10,0.86,696.207,1,22.1,395,10,9.52,83.1,1.3,0.43,1.3,143,1211.8,70.95,143,3.775,1.42,7.27,18.52,24.13,3394.2657,2.037945455,47.48772,120.41352
WA,204.9,56.38,30.9,283.2,52.2,501,13.3,3.258,5,0.72,468.739,0.2,1.4,49,1,7.59,42.5,0.7,0.167,0,109,1553.3,70.99,115,0.115,1.846,1.29,17.72,26.92,469.255,0.757604545,47.55338,120.76985
WA,120.7,24.38,20.4,40.7,48.4,171.8,10.4,0.208,5,0.96,157.21,0.5,2.9,51,1,8.19,38.5,0.2,0.135,0,80,1380.6,85.03,90,0.027,2.096,5.28,8.37,25.88,36.4251,0.393959091,47.82841,120.98266
WA,79.2,12.84,8.5,8.9,19,82,3.9,0.112,10,0.63,86.585,0.4,3.6,50,2,2.86,21.7,0.3,0.125,0,339,1662.6,66.29,86,0,3.067,0,1.83,28.26,2.7073,0,47.98425,120.99859
WA,216.4,36.24,5.5,47.7,92.9,252.9,17.8,0.619,5,0.54,234.126,0.4,0,29,1,11.08,81.8,0,0.066,0,48,1211.2,85.11,58,0.087,2.113,14.38,2.6,27.71,23.1078,0.819458333,47.04861,121.70081
WA,1081,188.8,47,531.7,264.8,1762.6,27.4,14.395,5,1.38,1571.108,0.5,6.4,144,22,28.48,280.9,0.7,0.22,0.17,107,957.9,86.75,288,0.105,0.505,14.67,3.86,15.06,19.111,1.916690909,48.20525,118.32031
WA,219.8,44.97,27.7,121.1,69.1,343.3,13.8,1.845,5,0.71,326.599,0.4,1.4,74,2,8.15,51.4,0.6,0.34,0.15,162,1342.7,73.33,121,0.628,1.706,4.34,14.66,24.73,2350.727,1.833377273,47.57879,120.66564
WA,282.5,46.58,3,73.4,89.2,373.5,29.6,0.115,5,1.08,249.886,0.4,2.1,43,2,10.84,35.6,0.2,0.108,0.02,323,794.7,45.22,45,0,2.354,11.97,1.85,25.05,22.5959,0.939418182,46.71331,122.48159
WA,314.4,62.26,8.8,137.9,178.4,531.7,49.4,1.915,20,3.3,467.853,0.5,16.4,300,13,18.73,16.4,0.6,0.323,0,246,649.9,100.15,62,0,2.083,21.68,0.06,21.74,1.473,1.363636364,46.2615,122.52147
WA,215.1,32.23,14.8,33.1,62.2,286.1,5.6,0.806,0,0.6,271.693,0.4,0,15,3,11.97,13.1,0.6,0.097,0,169,1798.3,96.18,113,0,1.256,0,3.66,11.58,1.1313,0,47.90893,120.6473
WA,848.3,141.5,5.1,454.8,99.5,1536.2,20.6,14.44,5,0.66,1090.308,0.2,0,23,1,14.46,33.5,0.1,0.078,0,97,1261.7,56.33,124,0,0.918,17.09,41.29,26.91,10.8795,3.204563636,47.39113,120.68333
WA,1132.4,168.6,54.7,452.2,168.6,1781.4,25.4,9.752,10,1.03,1610.925,0.8,3.6,120,26,16.1,173.4,1.8,0.469,0,260,1154.2,90.77,116,0.629,0.98,18.29,3.39,18.36,27.0259,2.3113829,47.77379,120.63449
WA,414.5,66.51,22.6,136.3,90.3,508.4,7.3,1.846,5,0.57,472.337,0.1,3.6,84,4,17.43,112.2,2.5,0.122,0,280,1398,99.45,103,0,1.18,0,0,28.1,1.3177,0,47.98587,120.76811
WA,136.1,58.5,17.2,400.7,43.7,623.1,13,3.131,10,0.79,567.107,0.4,1.4,38,0,10.24,17.1,0.1,0.099,0,93,1738.2,56.62,116,1.22,1.368,6.56,25.6,28.12,64.7567,0,47.45253,120.76926
WA,214.1,85.3,31,605.6,42.1,801.7,22.8,5.482,5,1.07,655.967,0.4,0,45,1,10.44,117.2,0.1,0.13,0,10,1611.5,79.07,103,0.014,1.787,0.71,13.29,24.93,69.3971,0.6667,47.58554,120.92391
WA,168.2,33.24,26,57.3,68,275.4,12.4,0.633,5,0.9,245.264,0.4,0,45,2,10.39,47.3,0.1,0.111,0,82,1388.3,84.95,89,0.029,2.106,5.2,8.62,25.84,34.9554,0.856086364,47.82426,120.98872
WA,424.6,66.43,10.9,150.4,97,553.5,45.4,7.15,10,0.96,539.861,0.4,2.9,79,3,6.6,64.3,0.5,1.44,0,277,738.1,86.38,16,2.937,2.669,9.62,4.47,21.39,479.0554,1.697031818,48.09697,121.97872
WA,402,61.14,4,83.4,129.2,603,13,3.098,5,0.5,500.152,0.4,1.4,35,2,12.99,40,0.8,0.096,0,120,1040,79.11,91,0.158,2.05,18.78,1.47,21.06,31.7282,0.954581818,46.59523,121.72171
WA,362.8,76.14,9.9,146.3,183.8,504.4,120.7,0.785,10,1.47,449.846,0.8,5,100,7,7.36,88.1,0.2,0.702,0,200,199.1,88.53,17,0.874,3.008,5.27,0.05,9.18,43.4731,1.242445455,48.02538,124.44327
WA,439.8,91.66,53.3,308.1,132.8,885.6,18.3,5.46,10,1.59,841.669,0.5,3.6,79,56,37.13,19.2,0.2,0.85,0,55,1470.4,65.02,390,0,0.768,28.41,7.38,15.16,20.4378,2.8182,46.25956,117.48154
WA,413.9,67.87,10.7,82.5,170.2,703.1,14.4,1.845,5,0.5,580.832,0.2,0,28,9,15.25,24.4,0.4,0.094,0,55,1747.3,86.41,103,0,1.789,0,7.72,23.11,2.5778,0.151522727,46.84485,121.18622
WA,219.8,49.83,10,75.5,156.8,260.6,83.2,0.495,5,0.76,246.883,0.9,5.7,80,5,7.48,91.4,0.1,0.262,0.01,284,410.4,88.83,22,0,3.646,8.38,0.28,23.91,45.2905,1.363695455,47.53383,124.05941
ID,838,102.8,15.6,114.3,55.7,975.6,7.1,10.536,6,0.82,956.426,0.6,11.4,213,1,12.87,27.5,6,0.089,0,223,1693.4,79.34,582,0,1.66,12.45,10.27,23.93,13.9835,0.458333333,46.56095,114.78078
ID,285.7,49.6,8.8,67.3,139.1,432.8,6.8,2.179,5,0.95,422.895,0.2,0,49,7,17.24,38.3,2.2,0.187,0,300,2043.4,75.22,626,0.075,1.103,11.71,17.49,15.61,40.2288,0.33335,44.03402,115.81346
ID,316.5,62.5,10.7,180.6,46.5,495.1,7.9,1.436,6,0.6,484.391,0.3,2.1,39,1,10.2,34.8,0,0.121,0.02,188,1202.5,94.83,425,0.12,1.3,17.73,0.58,21.97,108.0414,0.886368182,47.79687,116.50889
ID,344.4,48.97,8.5,40.9,81.7,444.8,4.8,1.763,8,0.7,420.885,0.3,5.7,139,5,12.42,9.4,1,0.137,0,213,2623,46.32,696,0,1.115,0,48.35,22.04,1.5842,0,43.68952,115.085
ID,101,19.64,9.2,26.2,38.9,93.9,6.2,0.099,6,1.17,98.369,0.4,24.3,399,1,6.92,37.1,0,0.085,0,288,1596,84.3,451,0,2.148,3.76,9.73,20.45,25.9974,0.33335,48.32913,116.1561
ID,882.8,229,31.6,176.9,1199.9,1626.8,66.6,15.873,10,1.05,1616.764,0.2,2.1,69,6,46.25,360.8,3.4,0.44,0,264,2172.1,28.43,723,0.024,0.704,5.34,70.38,18.91,168.7113,0.75,43.55661,114.80021
ID,120.9,30.24,9.9,123.5,57.6,269.6,8.2,0.901,10,1.66,264.588,0.4,0,60,11,9.35,14.6,1.3,0.264,0,146,2070.5,79.98,673,0.048,0.843,13.42,14.41,18.76,20.9442,0.354184375,45.51286,113.99451
ID,1454.9,199.3,21.1,358.5,180.1,1719.7,16.9,25.422,8,0.76,1671.823,0,13.6,214,19,24.25,253.6,5.8,0.268,0,343,1819.8,81.11,512,0,0.981,17.12,15.52,19.87,6.9214,2.045454545,44.66203,116.95473
ID,96.9,23.88,11.3,38.6,77.2,207.4,7.3,0.547,9,1.23,197.805,0.2,0,81,11,14.52,11.2,4.1,0.343,0,18,2011.2,97.03,545,0,0.992,0.11,1.58,16.4,17.0745,0,45.71372,115.64173
ID,91.3,18.29,4.7,71.3,17.9,153,6.5,0.347,8,1.13,150.864,0.4,2.9,68,17,4.72,10.8,0.8,0.111,0,63,2727.4,45.12,724,0.113,0.66,0,38.7,24.57,8.8387,0.121218182,44.71089,113.78403
ID,667.7,98.38,5.9,132.6,192.6,982,14.4,4.766,12,0.88,968.583,0.2,2.9,98,14,17.45,16.9,10.6,0.45,0,234,2057.6,40.62,707,0,0.648,0,58.94,19.42,1.6586,0,43.48905,115.12612
ID,979.9,161.7,34.7,327.7,330,1373.4,56.4,58.787,10,1.44,1309.976,0.4,0,150,10,12.82,185.1,2.6,0.432,1.97,293,2139,53.44,573,0.375,0.692,3.07,37.94,19.7,26723.2327,0.20455,45.46657,115.39923
ID,528.2,70.65,13.7,96.9,139.7,679.3,14.9,7.699,5,1.92,652.265,0.6,4.3,173,5,12.45,41,2.6,0.327,0.38,241,2004.7,40.95,675,0.098,0.75,5.02,51.64,19.93,2580.6349,1.810627273,43.34053,115.53651
OR,393.8,88.68,33.8,248.7,241.8,757.1,57.8,5.902,0,1.52,722.754,3.4,15.7,464,67,29.93,37.7,5,1.53,8.92,238,1013.1,76.8,91,22.583,0.983,14.81,10.39,12.45,6292.0638,4.068245455,42.42288,123.25288
OR,285.5,61,12.9,102.9,205,409.4,120.4,0.842,1,1.28,383.283,1.2,5,153,12,15.04,38.7,4.8,0.56,0,73,482.2,94.88,29,0.182,2.393,14.87,0.13,13.66,131.5824,1.158043506,45.88219,123.29801
OR,145.2,45.07,17.4,82.7,176.6,258.1,77,0.365,5,1.29,257.184,0.9,10.7,250,9,12.17,51.8,2.4,0.198,0,6,377.9,99,26,0,1.894,18.86,0.39,22.98,9.0603,0.6667,43.32611,123.84609
OR,333.7,63.71,27.2,155.5,146.5,621,9.9,2.688,8,0.98,627.234,0.2,0,35,23,32.64,9,0,0.164,0,50,1896,66.99,39,0,0.833,19.05,32.1,10.97,15.5585,0.6667,44.95604,118.37558
OR,164.7,48.02,17,96.6,177,309.1,79.5,0.778,9,1.47,287.742,0.6,11.4,228,9,14.55,39.6,1.1,0.37,0,233,704.9,94.08,46,0.041,1.764,22.34,2.98,18.52,49.0209,1.818236364,43.02091,123.82502
OR,192,70.03,31.3,177.1,231.8,575,24.5,5.336,5,1,543.518,0.6,2.9,163,50,19.06,9.4,6.4,0.551,0.1,38,1521.6,81.37,204,2.118,0.855,17.8,9.67,4.98,4550.5298,0.6591,43.97674,121.40618
OR,3852.8,517,81.5,950.8,772,3488.4,87.7,70.457,5,1.74,3434.821,0.6,22.1,520,88,36.2,1989.8,12.8,1.77,0.7,100,1318.7,11.9,501,0.179,0.368,6.26,87.31,15.68,184.0576,0.33335,44.44759,117.36697
OR,1783.7,274.6,38.3,906.8,258.8,2791.4,23.7,46.568,10,1.16,2924.618,0.4,2.9,250,26,29.93,136.4,0.5,0.102,0,210,1611.3,86.6,403,0,0.639,28.23,13.4,15.01,2.092,0,44.84428,118.49367
OR,272,58,33.3,174.3,122.3,552.2,11.8,2.25,0,0.64,525.071,0.4,0,25,34,29.76,15.6,3.2,0.196,0,354,2016.7,98.57,418,0,1.006,0,1.31,22.35,1.2382,0,44.33353,118.64122
OR,1211,295.6,57.1,935.2,949.6,2935.4,83.5,112.824,10,2.34,3093.02,0.6,2.1,303,18,24.27,234,24.4,0.804,1.7,269,1301.7,56.23,262,0.557,0.503,10.98,41.25,13.01,15422.5539,2.113677273,44.90409,120.45362
OR,4626.8,608.1,36,752.7,411,4881.8,75,35.864,9,1.5,4598.7,0.5,2.1,105,5,27.22,946.5,3.8,0.244,0,70,1680.8,53.1,358,0.078,0.627,10.84,46.7,8.62,12.7634,3.055611111,44.01947,119.47631
OR,2111.4,394,28.9,910,1330.1,4058.6,107.2,123.751,5,1.52,3985.929,0.2,0,125,22,28.73,187,3.4,2.13,0,191,1103.1,47.57,287,0.195,0.427,7.38,52.31,13.78,41.0092,2.9931,44.82201,120.15535
OR,161.9,38.91,11.1,111.7,99.4,354.8,21.4,0.893,5,0.75,338.097,0.2,0,74,4,18.3,5.4,0.1,0.172,0,172,1179.7,66.51,168,0,1.148,7.2,0.46,7.71,3.2376,0.909136364,45.18545,121.64106
OR,297.8,75.78,75.4,227.1,168.4,727,11.8,3.445,5,0.77,700.152,0.4,0,39,37,38.66,9.2,1,0.347,0,326,1755.8,94.46,418,0.378,0.764,20.72,4.75,13.93,37.0833,0.33335,44.53202,118.47835
OR,406.5,101.5,19.4,342.9,181.3,884.1,33.3,4.889,10,0.62,865.327,0.4,2.9,63,6,30.09,3.5,0.8,0.221,0,108,1058.7,91.54,180,0,0.978,10.06,5.11,6.48,11.8659,0.761904762,45.09683,121.5505
OR,1607.7,292.3,88.6,624.6,910.2,2915.3,136,244.422,10,2.78,2667.61,1.2,2.1,339,100,43.5,132.6,2.9,0.902,0,331,1174.6,49.79,276,0.139,0.451,11.53,49.54,12.8,129.45,1.870388889,45.09772,120.10121
OR,305.5,74.57,73.5,225.6,166.3,727,12.1,6.206,5,0.78,709.188,0.4,0,46,35,39.51,9,1.3,0.43,0,336,1701.9,95.03,415,0.387,0.732,27.48,4.07,13.85,46.512,3.152916667,44.57589,118.49073
OR,1279.2,291.4,114.6,1024.4,723.2,2939.7,116.5,73.598,10,1.65,3053.836,0.8,2.9,164,63,56.79,71,2.7,0.175,0,212,881.4,3.73,231,0,0.307,3.47,96.09,5.95,35.3899,1.030304545,44.84534,121.00327
ID,465.9,102.6,60.8,310.1,203.4,1013.4,10.4,6.539,10,1.66,962.666,0.6,0,185,49,38.61,16.9,9,4.39,0,229,1550.5,90.25,544,0.71,0.837,15.23,9.5,11.75,21.1166,1.325795455,44.91362,116.22571
OR,1302,295.3,117,1034.4,687.3,2731.8,154.6,36.503,5,1.32,2886.125,0.9,27.1,570,43,46.72,126.2,6.4,0.27,1.63,356,873,0.16,214,0.091,0.311,2.26,97.11,8.1,230.1742,0.424263636,45.14138,120.9674
OR,608.2,135.3,76.7,344.4,377.5,1365.9,22.6,8.178,10,1.06,1350.995,0.6,2.1,200,42,48.78,8.3,10,1.17,0,24,1697.4,89.52,382,0,0.549,12.26,9.49,9.97,16.2237,1.5,44.61148,118.94006
OR,1045.7,188,35.9,402.6,560.9,2034.7,28.2,36.233,1,0.81,1892.729,0.3,0,79,17,28.31,86,9.5,0.729,0,207,1730.7,90.55,376,0,0.553,16.37,9.43,9.33,13.2382,2.734895455,44.04778,119.25261
OR,365.8,119.3,48.3,195.8,446.6,1111.2,57.5,66.912,0,0.93,985.118,0.8,11.4,269,57,33.07,45.6,3.3,0.405,4.55,30,1286.8,46.33,226,4.293,0.523,12.89,45.94,6.36,24538.1897,2.000040909,44.8663,121.05829
OR,1108.4,255.6,53,925.3,782.7,2733,54.7,271.4,15,2.45,2407.633,0.6,0,260,7,34.07,45,3.5,0.471,10.1,293,1374.7,49.28,341,0.171,0.428,10.35,40.5,9.78,538.7617,1.83335,44.75647,119.41316
ID,340.3,76.69,45.8,238,158.5,707.4,15.5,0.894,5,1.88,674.783,0.4,13.6,254,67,39.78,16.4,0.1,4.26,0,238,1348.5,28.51,468,0.036,0.649,10.59,71.47,14.72,27.5972,1.356063636,45.86143,116.61914
ID,184.9,32.48,3.4,61.9,60.2,322.7,4.5,0.712,10,1.25,269.553,0.3,0,38,1,12.37,16.4,0.1,0.132,0,64,1692.1,76.02,552,0,1.641,0,22.39,20.93,8.6385,0,46.62902,115.16426
ID,288.1,52.5,35.1,93.3,150.8,488.7,10.2,2.166,15,2.06,450.431,0.4,0,141,88,25.81,15.2,23.4,2.91,0,133,2354.8,64.64,693,0,0.608,6.12,33.07,18.22,18.912,0.780309091,44.81675,114.14713
ID,186.4,36.11,11.1,28.8,131.9,336.2,8.5,0.964,10,1.21,303.28,0.2,0,54,4,14.94,12.1,0.2,0.148,0,119,1742.7,89.79,593,0,1.055,1.56,6.37,20.33,119.8611,0,45.85814,114.91584
WA,253.9,59.25,13.7,203.6,105.5,561.7,16.1,1.308,5,0.7,568.407,0.5,2.1,33,18,25.95,3.3,0,2.31,0,267,1064.1,99.27,165,0,0.802,20.63,0.18,4.79,37.785,0.151522727,46.15187,120.9786
WA,392.2,86.75,52.4,221.6,218.7,518.7,19.5,2.24,0,1.25,499.148,0.6,4.3,133,34,36.46,287.7,1.8,0.262,0,53,1565.1,84.8,137,0,1.423,15.02,2.59,7.65,13.1308,0.784999134,46.26366,121.35376
WA,33.2,9.194,2.3,17.8,30.7,26.1,12.7,0.013,18,2.89,30.358,0.4,2.1,89,1,3.9,18.9,0,0.31,0,108,977.2,91.8,32,0.593,3.136,1.28,4.24,19.2,3.3668,1.204545455,48.04206,121.72463
WA,479.9,98.99,58.4,376.3,175.7,938.1,19.2,5.939,5,1.25,915.627,0.4,7.1,150,47,38.96,63.1,3.6,0.48,0,85,1404.7,67.64,126,0.106,1.167,13.56,31.74,13.51,28.382,0.484872727,46.72988,120.93914
WA,1527.7,331.2,44.3,1867.7,276.6,3758.1,22,34.049,10,2.51,3631.472,1.1,6.4,228,17,22.11,31.4,5.2,0.968,0,12,1125.8,66.49,131,0,0.818,36.33,32.72,20.03,3.7103,0.636381818,47.42888,120.58642
WA,421.6,64.4,24.9,115.4,114.1,560.2,9.3,1.611,14,3.53,530.975,0.4,0,85,1,15.6,53.7,0.6,0.604,0,82,1974.5,91.25,187,0,0.757,9.41,3.02,12.43,3.6277,3.33335,48.75608,119.89609
WA,450.6,73.75,1.4,236.3,80.4,671.2,14.7,3.109,7,0.44,661.507,0.3,6.4,90,2,14.25,50.8,0,0.049,0,105,869.6,85,8,0,1.792,21.51,0.37,28.55,13.0424,1.5,47.74267,122.97348
WA,2783.9,409.9,47.2,1219.9,269.9,3787.6,39.5,50.078,8,1.34,3695.096,0.3,2.9,86,51,31.67,488.2,1.7,0.543,0.06,184,952.4,92.84,272,0.022,0.43,22.93,2.81,15.74,91.406,2.730904978,48.1391,118.52751
ID,181.6,44.83,16.6,87.6,99.8,400.5,13,0.045,20,3.07,341.109,0.4,0,128,9,15.64,12.3,1.8,0.52,0,63,1291.8,86.48,526,0,1.534,18.6,5.47,16.35,225.0333,0.378804545,46.60219,115.52497
ID,65,14.16,7.1,16.6,45.8,114.9,3.1,0.055,10,1.59,99.393,0.3,0,76,1,6.83,11.2,0.1,0.154,0,166,2138.5,59.67,543,0.026,1.426,8.97,33.34,11.36,39.1141,0.174245455,45.07931,116.0938
ID,1269.2,252.5,111.8,819.5,323.1,1044.6,29.3,5.099,10,2.37,842.366,0.4,0,78,23,29.12,1448.2,4.9,0.253,0,207,1577.2,46.28,514,0.128,0.869,24.47,53.38,26,7.8281,0,45.43438,116.24657
ID,698.1,107.3,31.4,308.6,120.7,1075.8,13,6.261212671,0,0.99,1010.740551,0.4,2.1,125,19.30125,11.87,60.4,10.28,0.623,0,205,2251.6,82.88,661,0,0.794,11.25,17.21,21.02,6.0547,0.33335,45.02333,114.44525
ID,2919.2,438.2,65.2,1348.3,501.5,3659.5,268,88.15013326,5,1.77,3493.045217,1.1,80,1340.625,6.56625,14.87,791.6,4.04,0.39,10.81,280,2258.3,44.86,904,1.938,0.819,5.19,35.22,12.08,22314.6232,3.356172727,43.78725,111.89756
ID,58.2,15.75,9.3,32.2,58.3,122.8,7.3,0.160020515,20,2.47,115.3870043,0.4,2.1,99.375,4.70875,11.5,6,0.96,0.357,0,75,1358.2,49.35,480,0,1.453,23.18,10.64,16.98,12.7417,0.878831818,46.86041,116.03806
ID,1972.5,234,10.1,427.2,88.8,2375.4,34.7,51.95763485,10,1.83,2418.970699,0.9,2.9,178.75,25.3525,5.74,52.9,8.8,3.51,0,106,2366.7,56.63,972,0.026,0.961,8.65,42.14,13.65,38.8734,2.075786364,42.37661,111.47717
ID,62.3,11.91,4.8,10.4,34.9,84,4.2,0.056,10,1.21,77.448,0.2,5,99,2,6,11.7,0.1,0.163,0,256,1693.2,67.98,413,0.027,1.351,0.2,23.84,24.78,37.7326,0,48.75671,116.73369
ID,625.7,101.5,44,287.8,138.8,997,16.1,14.20779172,5,1.15,934.3461844,0.6,0,82.5,38.61875,32.13,33.5,2.6,0.695,0,124,2399.4,66.35,869,0,0.79,2.3,30.93,12.36,37.1369,1.84922381,44.4664,111.91133
ID,505.5,63.4,9.9,42,79,564.3,7.1,3.518128849,0,0.64,530.020876,0.5,5.7,94,2.214,8.66,21,1.52,0.23,0,59,2236,61.55,660,0,0.821,1.38,16.6,24.29,23.0753,0,44.13731,115.18667
ID,1295.4,233.3,103.3,686.3,538.9,2279.8,133.1,195.3368903,17,2.59,2083.365673,1.5,33.6,766.875,112.66125,36.81,114.9,0.64,1.01,37.77,344,1060.2,32.48,441,3.143,0.579,12.9,28.58,9.55,348.0811,1.977313636,46.36471,116.74636
ID,226.8,53.1,31.3,140.8,146,436,36.1,1.276930107,10,2.02,401.9280918,0.8,5,148.125,39.22625,28.68,58.3,12,3.73,0,167,1119.1,92.84,422,1.171,1.031,13.02,0,14.18,5.9777,2.272768182,47.10877,116.73196
ID,3117.3,372.3,12.8,1030.8,79.7,3768.4,15.8,57.41312508,0,0.73,3523.647219,0.4,0,83.75,38.1975,7.17,357.7,2.4,0.168,0,299,2264.5,63.02,964,0,0.619,7.35,36.22,20.99,3.9986,0.33335,43.52574,111.25428
ID,235.5,55.33,17.3,60.8,253.7,508.3,7.9,4.443380199,0,1.01,463.1212511,0.4,0,65.625,48.91125,26.01,54.3,1.08,1.35,0,226,2505.1,77.9,678,0.032,0.789,2.82,9.46,20.71,215.7882,1.772809091,44.38768,114.69394
ID,302,59.59,32.8,131.6,142.8,556.6,8.7,1.432493697,20,1.78,529.7536456,0.4,2.9,135.625,28.87125,22.33,18.3,3.84,0.409,0,203,1227,87.95,505,1.21,1.264,21.25,6.19,18.12,4.9581,0.969745455,46.66214,115.7863
ID,257.5,54.64,24.3,125.8,140.6,518,8.7,0.60524913,20,2.76,489.6834294,0.5,0,150.625,32.24875,27.74,11.7,4.4,2.33,0.02,194,1050.4,94.1,447,0,1.085,1.82,1.41,15.22,5.6908,1.5,46.93882,116.46172
ID,2908.2,363.9,11.4,848.6,172.7,3780.2,115.6,49.74568643,10,0.96,3505.392575,0.6,5,137.5,10.73,10.76,63.5,2.16,0.627,0,42,2053.2,63.56,947,1.325,0.749,6.73,33.82,12.23,24.1575,0,42.85248,112.07726
ID,111.1,21.65,16.3,41,49.2,176.1,5.9,0.387438635,5,1.06,176.2723363,0.4,2.9,89.375,2.84375,9.61,26.2,1.4,0.117,0,15,1608.1,99.09,500,0,1.206,0.3,0.74,26.17,7.2701,0.742454545,47.19756,115.63723
ID,153.6,29.36,12.9,18.9,119,279.4,6.8,0.616403295,10,1.45,255.7679873,0.5,2.1,121.25,21.35125,17.61,11,6.48,0.415,0,189,2115.6,64.77,582,1.181,1.067,0.94,33.24,16.6,2.5399,1.00005,44.70859,115.83017
ID,194.2,39.87,20.9,73.7,134.7,395.3,7.9,1.655545993,15,2.15,352.3079837,0.6,1.4,143.75,15.88375,17.22,16.4,1.52,0.468,0,179,1513.9,94.86,552,0.07,1.173,6.42,1.9,14.22,56.8199,2.166668182,45.89351,115.44778
OR,495.1,124.9,74.7,427.7,330.4,1286.5,13.8,13.02,15,6.28,1155.046,1.3,0,703,45,37.92,2.3,9.2,1.01,0,275,1727.2,65.59,242,0.018,0.664,15.24,22.68,3.97,1137.1881,1.5,42.68841,121.25764
OR,231.3,63.08,21.8,147,233.5,469.6,66.3,1.757,10,1.12,459.981,1.1,4.3,169,20,17.46,61.4,2.7,1.2,10.07,313,794.6,78.77,57,26.647,1.599,13.5,4.87,14.53,10211.3929,0.984890909,44.49434,123.22857
OR,742.2,129.1,22.2,362,233.8,1279.7,20.3,14.221,10,1.74,1261.528,0.4,2.1,85,48,37.21,15.8,0.8,0.693,0,78,1698.4,82.66,301,0.227,0.627,17.59,17.34,12.18,4.4036,1.5,44.47633,120.13192
OR,138,34.53,22.9,59.7,121.4,293.7,7.3,1.672,5,1.24,289.194,0.4,0,78,9,18.25,26,0.1,0.367,0,279,1736.6,89.52,377,0.035,0.79,5.3,10.32,15.43,28.3874,0.98417619,45.09325,118.66608
OR,365.6,139.7,47.2,423.8,438.5,1138.5,59,36.53,9,0.75,1048.643,0.9,12.1,299,75,31.7,41,5,0.397,4.57,20,1273,45.58,204,4.202,0.519,12.72,46.73,6.52,25152.7128,2.697009091,45.15342,121.10704
OR,717.6,150.3,49.7,566.1,79.5,1473.8,22.6,10.741,4,1.26,1510.198,0.3,0,140,34,38.2,19.4,2.4,0.341,0,313,1521.7,80.12,370,0.175,0.578,14.63,19.86,9.18,17.1483,0.027779167,44.92587,118.89044
OR,400.7,129.9,45.3,223.7,681.7,1165.8,38.6,32.854,5,1.62,1108.065,1,2.9,191,13,32.9,98.3,1.6,1.14,0,268,1426.4,67.92,367,0.031,0.687,23.38,25.66,6.65,160.1502,1.742463636,45.17222,118.73584
WA,330.7,65.24,12.1,125.4,163.2,405.2,120.7,0.796,5,1.26,370.394,1.2,15,326,13,14.21,65,2.9,0.476,2.47,290,254.2,90.41,17,1.852,2.759,13.92,0.34,15.1,221.4068,0.553031818,46.57226,123.61003
WA,272.6,67.66,6.8,134.4,237.2,416.9,182.5,0.181,26,4.11,386.151,0.5,2.1,201,27,12.25,24.4,7.6,2.72,0,332,83,81.42,7,0,2.654,8.15,0.15,11.85,2.3913,0,48.08744,124.59939
WA,600.8,110.7,16.5,308.5,124.4,734.3,57.8,7.47,5,0.78,726.564,0.6,14.3,235,6,9.35,259,24.4,1.76,10.81,272,756.2,71.22,10,11.714,1.928,10.37,4.38,18.22,1925.1715,2.083377273,48.86705,122.565
